{"cameraMode":{"drawMode":0,"name":"Shaded","section":"Shading Mode"},"sceneLighting":true,"audioPlay":false,"sceneViewState":{"m_AlwaysRefresh":false,"showFog":true,"showSkybox":true,"showFlares":true,"showImageEffects":true,"showParticleSystems":true,"showVisualEffectGraphs":true,"m_FxEnabled":true},"in2DMode":false,"pivot":{"x":35.31806182861328,"y":1.2206202745437623,"z":7.511373043060303},"rotation":{"x":0.18431754410266877,"y":0.6530406475067139,"z":-0.16837170720100404,"w":0.7150145173072815},"size":1.9800684452056885,"orthographic":false}